names,scores,logfoldchanges,pvals,pvals_adj,pct_in,pct_out,cluster,gene_idx
HU07G01726,26.738722,3.4007652,1.6701582031088994e-157,5.1468708625805916e-154,0.6958637469586456,0.1583244315580601,0,4066
HU11G00278,20.849495,2.898808,1.5403831316649617e-96,2.848168410448514e-93,0.5620437956204402,0.1291011750343317,0,25766
HU07G01366,17.901833,3.0707753,1.1410501568167464e-71,1.582351304965623e-68,0.45255474452554695,0.07775064855791071,0,3706
HU11G00642,17.6019,2.4069104,2.3819542346617767e-69,3.1458809856354464e-66,0.520681265206813,0.1474896993743279,0,26130
HU07G01138,16.243626,2.4634366,2.4783051510958484e-59,2.749431734625734e-56,0.4610705596107051,0.11819014191972811,0,3478
HU0G00041,14.022949,1.9611486,1.128261258167222e-44,9.482523028869062e-42,0.4659367396593669,0.1739661223866876,0,27605
HU07G00666,11.997711,1.6714858,3.652567785857034e-33,1.5585225775499205e-30,0.4416058394160579,0.18838699832137343,0,3006
HU02G00171,19.068203,4.557771,4.639849451663133e-81,7.149234696770945e-78,0.7180327868852439,0.13741466637305125,1,12959
HU03G01776,15.9466,4.485276,3.0083705109074316e-57,2.528398670303564e-54,0.5934426229508192,0.08243411876972881,1,11545
HU09G01857,15.844472,3.8998663,1.5350510253246362e-56,1.182628894093855e-53,0.6196721311475402,0.1314688394626786,1,20172
HU01G00713,14.641769,4.5550523,1.5205902831229438e-48,9.37190477831441e-46,0.534426229508197,0.06202745357116592,1,7679
HU0G00041,14.599032,3.1934144,2.8486156589298023e-48,1.6809862829876183e-45,0.6065573770491797,0.1818982602950985,1,27605
HU02G00040,14.429069,4.191276,3.396364927416466e-47,1.8839636252379135e-44,0.5508196721311476,0.12376128606034367,1,12828
HU0G00116,14.2912445,3.492069,2.4813417707279216e-46,1.3234618079065175e-43,0.5737704918032784,0.13550612934009212,1,27526
HU03G00803,13.740266,4.215396,5.826119127066032e-43,2.7859898963651106e-40,0.5114754098360661,0.0718637598179552,1,10572
HU02G00264,13.610614,3.6501617,3.46321953146446e-42,1.628006672968929e-39,0.5377049180327871,0.1048227262717493,1,13052
HU03G02448,13.362476,3.7978797,1.0017518891416459e-40,4.3411857258349296e-38,0.5180327868852463,0.09968435733685935,1,12217
HU11G00285,13.092308,3.172571,3.643669698996768e-39,1.4035719319677133e-36,0.5442622950819673,0.1261836599867918,1,25773
HU07G01726,12.957306,2.9325278,2.1361856139192496e-38,7.899614400273384e-36,0.5737704918032784,0.18145782867210794,1,4066
HU04G01786,12.939969,5.122353,2.6773677308540726e-38,9.770630791478645e-36,0.46557377049180376,0.05028261029141858,1,6508
HU04G00030,12.748198,3.696877,3.1903462416895292e-37,1.1060531626657387e-34,0.5016393442622957,0.09227042501651814,1,4752
HU11G00642,12.452449,2.9699392,1.3561926363630775e-35,4.4778574725630895e-33,0.5409836065573772,0.16119797401454186,1,26130
HU09G00512,12.204117,3.6731842,2.9549767645595033e-34,9.208570850006497e-32,0.48196721311475466,0.11128239007561094,1,18827
HU08G01120,11.930687,3.0990644,8.189525579052584e-33,2.3660051243231604e-30,0.5147540983606562,0.1443881670704019,1,24264
HU02G01706,11.5404625,3.1352353,8.248019909136932e-31,2.1786555445705983e-28,0.48524590163934483,0.12324744916685468,1,14494
HU10G01002,11.369924,2.9919255,5.9039256464802056e-30,1.5022511725241146e-27,0.48196721311475466,0.13234970270865973,1,17268
HU08G00586,11.216707,3.1763408,3.376097289435828e-29,8.072073993319197e-27,0.46557377049180376,0.11876972766645058,1,23730
HU0G00040,10.662272,2.4745278,1.5281732889229137e-26,3.162976579722165e-24,0.508196721311476,0.18784408720547116,1,27604
HU07G01138,10.634993,2.8348238,2.0484484732930748e-26,4.208423585687661e-24,0.4622950819672136,0.13117521838068488,1,3478
HU01G01850,10.219988,2.3316233,1.6136151661159586e-24,3.0653162076867203e-22,0.5114754098360661,0.18432063422154663,1,8816
HU05G00974,10.041565,3.4352884,1.0007400293869198e-23,1.779200302246553e-21,0.40327868852459037,0.08375541363870051,1,973
HU11G00321,9.900522,3.0642586,4.1410565129130875e-23,7.046147385622361e-21,0.4098360655737707,0.09197680393452443,1,25809
HU05G00315,9.625328,2.5333722,6.250691648955124e-22,9.850166641123315e-20,0.4459016393442627,0.14857226748881228,1,314
HU03G00789,9.464278,2.1738968,2.955950208658302e-21,4.455612991148805e-19,0.48196721311475466,0.1963590985832888,1,10558
HU04G01219,9.45039,2.8279746,3.3757012201873043e-21,5.060814775237561e-19,0.40327868852459037,0.09498642002495997,1,5941
HU08G01761,9.319758,2.5687206,1.1660507940427564e-20,1.6756693664650698e-18,0.42295081967213144,0.13535931879909527,1,24905
HU06G01619,8.867193,2.3425043,7.50129022622088e-19,9.543499285515417e-17,0.41967213114754126,0.13983704029949937,1,22055
HU11G00278,8.823923,2.3658848,1.1051852455479225e-18,1.386982478971567e-16,0.42295081967213144,0.1486456727593107,1,25766
HU08G01810,8.795491,2.0174408,1.4242369282034883e-18,1.771354762498823e-16,0.48196721311475466,0.1892387873449413,1,24954
HU02G00260,7.9853883,1.9742401,1.4008085975469388e-15,1.335100565393964e-13,0.42295081967213144,0.1802833443441331,1,13048
HU07G00785,7.499315,1.9796225,6.415228150285727e-14,5.359227492414899e-12,0.40655737704918055,0.1913675401893957,1,3125
HU10G00886,7.476132,1.9660445,7.654219918622773e-14,6.33700864008963e-12,0.40327868852459037,0.16883212214637836,1,17152
HU04G01984,7.371592,1.8379009,1.6860215345921963e-13,1.3476025147525812e-11,0.42295081967213144,0.1982676356162479,1,6706
HU08G00014,7.187798,1.8178458,6.584446782495534e-13,4.9760117578341595e-11,0.4000000000000002,0.1703002275563469,1,23158
HU06G02172,6.9455643,1.6857649,3.769503627382021e-12,2.7296914648940043e-10,0.40655737704918055,0.18432063422154663,1,22608
HU07G01726,24.470875,6.716765,3.0175599434845064e-132,7.608365912049344e-129,0.9497907949790756,0.17678427934837518,10,4066
HU11G00278,23.33576,6.3286843,1.9227701311009595e-120,3.3330018491303196e-117,0.9079497907949756,0.14150047483380374,10,25766
HU11G00642,23.231613,6.061263,2.18268931682692e-119,3.3631604556774793e-116,0.9121338912133856,0.156549053984946,10,26130
HU07G01138,20.760708,5.3435125,9.810923276042375e-96,1.088423828244141e-92,0.8326359832635957,0.1263057929724562,10,3478
HU07G01366,20.15243,5.8983965,2.5622843529710966e-90,2.733267558832822e-87,0.7907949790794957,0.08780772883336893,10,3706
HU0G00116,18.825653,4.8759823,4.65429147796655e-79,3.9117204285273416e-76,0.7740585774058557,0.13412228796843786,10,27526
HU0G00041,18.596443,4.4162536,3.433456103599489e-77,2.8007913245097597e-74,0.7866108786610857,0.18080210387901996,10,27605
HU11G00321,18.505539,5.4074736,1.8630908758291372e-76,1.476366441174889e-73,0.7405857740585757,0.0877346774782663,10,25809
HU06G01551,18.146591,5.9057493,1.366222209417582e-73,1.0241127831945037e-70,0.7112970711297057,0.0609978815107027,10,21987
HU0G00040,15.243911,3.7553039,1.807216535081098e-52,1.2530787650118565e-49,0.6903765690376558,0.18620790415661476,10,27604
HU09G01096,15.187838,5.866273,4.257351939468611e-52,2.8799428302722424e-49,0.5941422594142258,0.03491854773906046,10,19411
HU11G00285,15.112486,4.0667415,1.339878969656906e-51,8.847986481770067e-49,0.6527196652719658,0.1263057929724562,10,25773
HU0G00128,12.05,4.244542,1.9395020083023962e-33,1.0344632346205185e-30,0.5020920502092059,0.07020235225363453,10,27555
HU06G01619,11.544333,3.2965665,7.885043116160264e-31,4.049845756050091e-28,0.5313807531380759,0.13923588282562213,10,22055
HU07G01140,11.135065,4.348151,8.468317409994529e-29,4.0494617821758325e-26,0.4602510460251054,0.05646869749433906,10,3480
HU05G00840,10.900313,4.959849,1.1486144749706907e-27,5.222429912018378e-25,0.4351464435146451,0.03170428811454433,10,839
HU03G02485,10.7014885,4.9827075,1.0015652264838656e-26,4.146031575601495e-24,0.426778242677825,0.03170428811454433,10,12254
HU07G01943,41.80475,4.3979754,0.0,0.0,0.831707317073182,0.19333753346983865,11,4283
HU11G01396,41.285995,4.551592,0.0,0.0,0.8073170731707419,0.18585604032131064,11,26884
HU06G00205,41.151146,4.2585707,0.0,0.0,0.82439024390245,0.18380847377539772,11,20641
HU08G01810,40.764404,4.7645555,0.0,0.0,0.7821138211382204,0.13884076232477152,11,24954
HU01G02529,40.15335,4.0639477,0.0,0.0,0.8081300813008232,0.19759017168058088,11,9495
HU08G01667,39.82761,4.463542,0.0,0.0,0.7845528455284644,0.18428098913214686,11,24811
HU03G01818,37.957603,4.110082,0.0,0.0,0.7666666666666749,0.16482910694597405,11,11587
HU11G00445,37.647617,3.9844015,3.57909121070716e-310,3.9706437891585254e-307,0.7731707317073256,0.1846747519294378,11,25933
HU11G01431,36.584248,3.8608308,5.092032601623286e-293,4.869914627793857e-290,0.7520325203252108,0.17160182705937835,11,26919
HU01G01850,35.673676,4.0103974,1.0122208895911864e-278,8.773108241503612e-276,0.718699186991876,0.1404158135139353,11,8816
HU08G00372,34.6391,3.5237653,6.51844978704309e-263,5.1654058526754314e-260,0.7463414634146415,0.19798393447787183,11,23516
HU06G00916,34.60588,3.780176,2.061006046341474e-262,1.5449189917643455e-259,0.7130081300813066,0.1592376752244426,11,21352
HU11G00570,34.40841,3.753648,1.8876395221667562e-259,1.342402106340897e-256,0.7130081300813066,0.1749094345566223,11,26058
HU04G01716,33.989582,3.707211,3.175727093731823e-253,2.2019697736163027e-250,0.7040650406504119,0.14553472987871763,11,6438
HU08G01616,33.24854,3.489699,2.1430992355061634e-242,1.3508831203809872e-239,0.7040650406504119,0.1868798235942671,11,24760
HU09G00170,32.551594,3.9800377,1.987902282536137e-232,1.173073825662548e-229,0.6577235772357756,0.120412663411556,11,18485
HU05G02196,32.12572,4.8795686,1.9287164906756163e-226,1.091692895283433e-223,0.5991869918699192,0.05465427626397868,11,2195
HU08G00014,31.427906,3.582076,8.413240265075826e-217,4.402664504752416e-214,0.6544715447154502,0.12891793983303965,11,23158
HU07G02147,31.208515,4.233257,8.166248186368349e-214,4.044480240159395e-211,0.6097560975609766,0.08363521814458799,11,4487
HU02G00485,31.167734,3.9949858,2.9171993716956904e-213,1.4194477995435082e-210,0.620325203252034,0.1045833989604627,11,13273
HU10G00886,31.15757,3.7732666,4.005545761959415e-213,1.9154105466886964e-210,0.6382113821138234,0.12899669239249784,11,17152
HU06G00546,30.779375,3.4914541,4.948406362844998e-208,2.2874008412251e-205,0.6560975609756129,0.16419908647030854,11,20982
HU03G02824,30.64896,5.018926,2.7282895575361723e-206,1.2404772275125531e-203,0.572357723577235,0.04835407150732408,11,12593
HU07G00927,30.404888,3.2864127,4.7334772482693894e-203,2.1174676045282502e-200,0.668292682926833,0.17837454717278264,11,3267
HU03G01381,30.071783,3.497128,1.1334890613207332e-198,4.9120811118328965e-196,0.6308943089430914,0.1270278784060431,11,11150
HU10G00887,29.57899,3.2710772,2.7843520017106012e-192,1.1191884459049784e-189,0.6601626016260196,0.19349503858875503,11,17153
HU08G01120,29.470839,3.746149,6.808968194115476e-191,2.659813138926658e-188,0.6040650406504072,0.10875728461174601,11,24264
HU03G00072,29.219715,3.5510578,1.0895152838227339e-187,3.976013999582043e-185,0.6081300813008139,0.11371869585761107,11,9841
HU08G00358,28.792995,3.3912604,2.6249164430943884e-182,9.333597121695239e-180,0.6146341463414646,0.1503386360056672,11,23502
HU06G00886,28.567719,4.020407,1.692456542207452e-179,5.655455686520926e-177,0.562601626016259,0.07765002362576665,11,21322
HU03G00713,28.330564,3.6236553,1.45289517160199e-176,4.631729607400138e-174,0.5853658536585364,0.10450464640100453,11,10482
HU08G02156,27.976032,3.0673277,3.1805303028129337e-172,9.801334216501857e-170,0.625203252032522,0.17215309497558567,11,25300
HU02G01787,27.930931,3.3922877,1.1238702260309644e-171,3.425334144941626e-169,0.5943089430894312,0.13513939203023662,11,14575
HU04G01643,27.759325,3.6744072,1.344707334436099e-169,4.010264292536044e-167,0.5869918699186991,0.13773822649235687,11,6365
HU06G00450,27.689655,3.9999065,9.301784606770818e-169,2.744521234774347e-166,0.5439024390243882,0.07646873523389401,11,20886
HU09G00169,27.255182,3.0331125,1.4426595003105702e-163,4.0828735960320065e-161,0.615447154471546,0.16262403528114475,11,18484
HU05G00459,26.977936,3.3930945,2.683016333907864e-160,7.0201375491447745e-158,0.5642276422764216,0.10521341943612811,11,458
HU02G03072,26.915014,3.2816277,1.4654866135595567e-159,3.7986234791658224e-157,0.5756097560975604,0.12458654906283931,11,15860
HU10G01146,26.79032,3.1336436,4.1896614475693684e-158,1.0759283356327448e-155,0.5845528455284551,0.13860450464639695,11,17412
HU11G01252,26.775068,3.0003777,6.306980754231833e-158,1.6048083598038522e-155,0.5983739837398379,0.15805638683256976,11,26740
HU04G01751,26.752234,3.111976,1.1630526408653023e-157,2.90605990940533e-155,0.5926829268292685,0.15309497558670382,11,6473
HU06G00471,26.616385,3.6597264,4.386818232164677e-156,1.0863250327597081e-153,0.5373983739837375,0.08647031028508231,11,20907
HU05G01229,26.175072,2.9769537,5.109638565239736e-151,1.24312127725372e-148,0.6073170731707326,0.18743109151047443,11,1228
HU05G01476,26.04135,2.9307761,1.6859227938759e-149,3.9965015972776144e-147,0.5943089430894312,0.16286029295951931,11,1475
HU06G01978,25.933598,4.06544,2.7843566612308307e-148,6.544417966037042e-146,0.5040650406504026,0.06890848952590915,11,22414
HU04G00611,25.786188,3.0578215,1.266857090540663e-146,2.952628689592041e-144,0.5715447154471537,0.14742479130571418,11,5333
HU03G00789,25.623108,2.9081063,8.433548648317012e-145,1.9330948079427466e-142,0.5796747967479671,0.16608914789730508,11,10558
HU06G00401,25.530876,3.5727923,8.95519325498769e-144,2.0030022977990612e-141,0.5203252032520294,0.08576153724995873,11,20837
HU10G00195,25.4559,3.0481696,6.073582039700773e-143,1.3476063829688075e-140,0.5585365853658523,0.12986297054653792,11,16461
HU08G02294,25.419714,4.240263,1.5270231462817051e-142,3.361268806517706e-140,0.48373983739837023,0.047015277996534974,11,25438
HU06G00852,25.190603,3.0100682,5.077639728181155e-140,1.0916925415589482e-137,0.5691056910569097,0.15277996534887106,11,21288
HU08G01659,25.152376,2.9659138,1.3310837028601454e-139,2.839815884525087e-137,0.5691056910569097,0.14080957631122626,11,24803
HU02G01258,24.3041,3.125795,1.774119538165997e-130,3.5146575279309945e-128,0.5227642276422734,0.11230114978736391,11,14046
HU10G00209,24.091131,2.5759327,3.0963301721800966e-128,5.922532229338964e-126,0.5991869918699192,0.19491258465900244,11,16475
HU01G02377,24.047161,3.8154964,8.938686885168108e-128,1.686493066395493e-125,0.471544715447151,0.055678059536935054,11,9343
HU06G00560,23.961466,3.5042758,7.017670638399909e-127,1.3062758064162515e-124,0.48699186991869536,0.0807213734446355,11,20996
HU06G02278,23.912258,3.0833905,2.2836201599339026e-126,4.222413675717786e-124,0.524390243902436,0.12198771460071951,11,22714
HU03G00514,23.9074,2.666519,2.565362582691291e-126,4.711942465625361e-124,0.5788617886178857,0.19861395495353734,11,10283
HU10G00833,23.890968,2.7266333,3.801894039813535e-126,6.937205999620289e-124,0.5634146341463403,0.17215309497558567,11,17099
HU03G01776,23.831575,3.9678335,1.5723866846202208e-125,2.8503362547674394e-123,0.4650406504065007,0.05764687352338962,11,11545
HU05G01921,23.753822,3.5835938,1.003218442202606e-124,1.7951137738380178e-122,0.47804878048780125,0.07040478815561449,11,1920
HU08G00749,23.653042,3.4597306,1.0982262858148317e-123,1.9525196177611767e-121,0.4853658536585328,0.08836037171207853,11,23893
HU07G02148,23.584743,3.692785,5.5273375155441146e-123,9.764376177937326e-121,0.46747967479674457,0.06016695542605146,11,4488
HU08G00278,23.552189,3.903708,1.1921915583081146e-122,2.0927489158022502e-120,0.45853658536585046,0.05441801858560413,11,23422
HU02G00260,23.466715,2.7172189,8.924856503306335e-122,1.5567980825106995e-119,0.5439024390243882,0.1508899039218745,11,13048
HU06G02172,23.378784,2.7222846,7.0258060626772776e-121,1.2178795696772143e-118,0.5447154471544695,0.1547487793353258,11,22608
HU11G00833,23.058258,3.249838,1.2154525241751408e-117,2.0185973507782953e-115,0.48780487804877665,0.10474090407937905,11,26321
HU06G00170,22.995272,3.3799958,5.1978779896451106e-117,8.581139645405186e-115,0.47886178861788253,0.09151047409040555,11,20606
HU11G01213,22.839514,3.2614608,1.8578458533534646e-115,3.0310208672210787e-113,0.47804878048780125,0.09308552527956906,11,26701
HU04G02189,22.758915,3.4542136,1.1710586529541312e-114,1.8666271114760247e-112,0.46422764227641944,0.07678374547172671,11,6911
HU09G01103,22.54717,4.020874,1.4315261644842445e-112,2.2305268635938495e-110,0.4325203252032494,0.04386517561820767,11,19418
HU08G02254,22.468414,3.5532746,8.455658645908706e-112,1.3101547069512736e-109,0.4504065040650376,0.06449834619625132,11,25398
HU04G00789,22.26193,3.5022864,8.644407633110874e-110,1.317322229144671e-107,0.4520325203252002,0.07032603559615631,11,5511
HU04G02173,22.203651,3.5830588,3.1665703478500912e-109,4.773088510740341e-107,0.4430894308943061,0.06426208851787679,11,6895
HU10G00333,22.013569,2.465127,2.1350330923934875e-107,3.1836098288996438e-105,0.5390243902439001,0.1764844857457861,11,16599
HU08G01942,21.780151,3.564076,3.5788672249012114e-105,5.169785545970578e-103,0.4333333333333307,0.055048039061269594,11,25086
HU02G00893,21.700579,3.0757036,2.0259476789540076e-104,2.8815209679892e-102,0.48211382113820767,0.12490155930067201,11,13681
HU08G01783,21.653135,2.7227826,5.678231109016215e-104,8.03498672492677e-102,0.509756097560972,0.154827531894784,11,24927
HU10G02023,21.630087,3.9176934,9.36078738727166e-104,1.2981071909298974e-101,0.4178861788617863,0.04685777287761861,11,18289
HU03G02944,21.433067,2.3757267,6.570481024647615e-102,8.932955451892237e-100,0.5349593495934934,0.1928650181130895,11,12713
HU01G00611,21.33081,3.3735387,5.878119365101297e-101,7.914060222868178e-99,0.43414634146341197,0.06638840762324753,11,7577
HU09G00361,21.181854,3.1368678,1.4039338856972368e-99,1.8630672880293238e-97,0.4504065040650376,0.09851945188218318,11,18676
HU10G00368,21.177559,2.8381374,1.5379933949405255e-99,2.0312498480321656e-97,0.47235772357723227,0.11726256103322898,11,16634
HU08G01405,21.127932,2.714009,4.404201262543118e-99,5.789124266191155e-97,0.48292682926828895,0.12151519924397046,11,24549
HU10G00932,21.056744,3.3421965,1.983455584083087e-98,2.558657703467182e-96,0.4430894308943061,0.08914789730666028,11,17198
HU01G00516,21.008526,2.462719,5.481097380176963e-98,7.037881288852225e-96,0.5089430894308906,0.15726886123798786,11,7482
HU04G01768,20.896954,2.5441692,5.707301809681144e-97,7.227945921986599e-95,0.5048780487804839,0.16010395337848268,11,6490
HU05G02052,20.815046,3.3027916,3.162447258473321e-96,3.950922284403494e-94,0.4325203252032494,0.08056386832571914,11,2051
HU06G02082,20.656677,2.5696573,8.501746448170319e-95,1.047981945511128e-92,0.4943089430894269,0.13876200976531333,11,22518
HU09G01733,20.62434,3.1787126,1.6597993346103535e-94,2.0369263073193874e-92,0.4325203252032494,0.0816664041581336,11,20048
HU05G01449,20.518646,2.807046,1.4673917231262192e-93,1.7694830191698125e-91,0.4617886178861756,0.10875728461174601,11,1448
HU03G00459,20.454758,2.990398,5.449329301114719e-93,6.514532248552446e-91,0.43902439024389966,0.08599779492833326,11,10228
HU05G00204,20.422554,3.3474195,1.0540782917528389e-92,1.2440366562453186e-90,0.417073170731705,0.06607339738541483,11,203
HU04G00226,20.38702,3.356073,2.1803130057874283e-92,2.5623297125217934e-90,0.4146341463414612,0.06237202709088057,11,4948
HU06G01765,20.345366,2.79538,5.1030490160001474e-92,5.89721101911517e-90,0.45853658536585046,0.11489998424948371,11,22201
HU07G00715,20.278923,2.83615,1.9740307526488847e-91,2.2530758405233256e-89,0.4504065040650376,0.10938730508741142,11,3055
HU07G01882,20.207169,3.4525695,8.466814542422822e-91,9.584779646289673e-89,0.40650406504064834,0.05827689399905508,11,4222
HU05G01614,20.15211,2.857745,2.5789157348135316e-90,2.8957987006094453e-88,0.44471544715446865,0.10355961568750642,11,1613
HU08G02036,19.947529,3.0779173,1.5747943961307863e-88,1.7332112133606095e-86,0.42032520325203016,0.07922507481493016,11,25180
HU02G02145,19.941093,2.3958156,1.7910399646378665e-88,1.963418712222578e-86,0.48861788617885793,0.15207119231374736,11,14933
HU06G01628,19.548424,3.1466224,4.254627356733166e-85,4.503896554923449e-83,0.4097560975609735,0.07394865333123239,11,22064
HU06G02610,19.522507,2.560263,7.068262458328786e-85,7.453926208431516e-83,0.4552845528455253,0.12127894156559593,11,23046
HU08G02202,19.512281,2.3958662,8.634264818840824e-85,9.070883892066297e-83,0.4796747967479638,0.15277996534887106,11,25346
HU10G01469,19.47596,2.4944353,1.756042248301092e-84,1.8378804436464448e-82,0.46341463414633816,0.13765947393289868,11,17735
HU02G00273,19.46925,2.3613505,2.0018492315122981e-84,2.08726648255615e-82,0.47804878048780125,0.15514254213261675,11,13061
HU09G01857,19.398533,2.7660217,7.9404681641751185e-84,8.217495691544661e-82,0.43902439024389966,0.11340368561977837,11,20172
HU03G00591,19.317245,2.6259787,3.846360967539023e-83,3.936487875818996e-81,0.4463414634146312,0.11182863443061486,11,10360
HU05G01289,19.283478,3.0557137,7.393312050471704e-83,7.53873197499385e-81,0.4089430894308922,0.07709875570955942,11,1288
HU06G00325,19.268559,3.0793629,9.864655577332242e-83,1.0021839649718304e-80,0.40569105691056706,0.07654748779335219,11,20761
HU04G00823,19.205183,2.2431283,3.3493637956050876e-82,3.3415325493203995e-80,0.5016260162601586,0.17601197038903696,11,5545
HU03G02448,19.128426,3.1384847,1.4642818144516482e-81,1.4556220832909128e-79,0.4032520325203232,0.08032761064734462,11,12217
HU04G00257,19.104492,2.998458,2.3166701901099597e-81,2.2947445615249904e-79,0.4097560975609735,0.08261143487163171,11,4979
HU08G00289,19.095829,2.2633007,2.734796303212228e-81,2.6992731483840266e-79,0.4861788617886141,0.1563238305244896,11,23433
HU09G01266,19.000515,2.5633056,1.6887713012074996e-80,1.643441124175088e-78,0.44390243902438736,0.12096393132776323,11,19581
HU03G02459,18.89922,2.2705607,1.157521413465771e-79,1.1147172361969847e-77,0.4796747967479638,0.16490785950543224,11,12228
HU02G00264,18.834274,2.9047663,3.955093591926003e-79,3.756661670276291e-77,0.4089430894308922,0.08576153724995873,11,13052
HU09G02039,18.526217,2.5582561,1.2690382980638317e-76,1.169328146073102e-74,0.4365853658536558,0.12687037328712672,11,20354
HU04G01712,18.49109,2.7107236,2.4358034394571734e-76,2.2369870328922088e-74,0.4186991869918676,0.10418963616317183,11,6434
HU10G00524,18.39968,2.3728797,1.3214473288281666e-75,1.1938222040732638e-73,0.4463414634146312,0.1300204756654543,11,16790
HU05G00338,18.195824,2.3971822,5.569494299738381e-74,4.903807123912508e-72,0.43983739837398095,0.13647818554102584,11,337
HU07G02077,18.140917,2.321087,1.514827954039762e-73,1.3253549938578171e-71,0.4569105691056879,0.14860607969758702,11,4417
HU11G01580,18.139877,2.2114878,1.5437595968822735e-73,1.346420516337417e-71,0.46341463414633816,0.1553787998109913,11,27068
HU02G02931,17.927982,2.5000823,7.132102783852659e-72,6.01242768115968e-70,0.4186991869918676,0.11923137501968337,11,15719
HU05G02127,17.888687,2.255598,1.4447372994065462e-71,1.2105676434755456e-69,0.4504065040650376,0.16010395337848268,11,2126
HU05G00315,17.70133,2.3719754,4.0951605753796036e-70,3.3405670164162736e-68,0.43089430894308683,0.12836667191683232,11,314
HU03G02361,17.531466,2.0123074,8.241808328203106e-69,6.549757993774015e-67,0.4813008130081264,0.1892424003780128,11,12130
HU02G00171,17.46626,2.509632,2.589198928184798e-68,2.0343181947083675e-66,0.4178861788617863,0.12419278626554843,11,12959
HU05G01034,17.452085,2.140303,3.318879627326314e-68,2.600257809714557e-66,0.44959349593495634,0.1682154670026762,11,1033
HU03G02586,16.938906,2.0591888,2.324063294059886e-64,1.7327391252890037e-62,0.4520325203252002,0.16939675539454904,11,12355
HU07G00967,16.825176,2.1384108,1.5958359595453152e-63,1.1647502720523505e-61,0.4365853658536558,0.15498503701370037,11,3307
HU03G00202,16.757366,2.351626,5.003079822926722e-63,3.604166724386302e-61,0.4040650406504045,0.11710505591431263,11,9971
HU06G02470,16.732088,2.204771,7.650871330276786e-63,5.497329438995509e-61,0.4178861788617863,0.13537564970861118,11,22906
HU06G01029,16.644175,2.0545168,3.335309691317922e-62,2.3841446981624374e-60,0.4512195121951189,0.1711293117026292,11,21465
HU04G00043,16.635002,2.0413232,3.8873817410397744e-62,2.7504217496871976e-60,0.45447154471544404,0.18672231847535073,11,4765
HU06G01378,16.618288,1.8938534,5.137864548455541e-62,3.6259204389672886e-60,0.4699186991869884,0.19656638840762442,11,21814
HU08G00082,15.549922,1.9094502,1.59300267001615e-54,1.0347055984285227e-52,0.4365853658536558,0.17632698062686972,11,23226
HU08G01659,17.524818,3.8963926,9.263600809644637e-69,1.9763536035038002e-65,0.7103448275862081,0.16732658747617832,12,24803
HU06G01661,16.556107,4.354425,1.446586208056211e-61,2.1116351831810006e-58,0.6413793103448286,0.09708168353131223,12,22097
HU04G00823,16.54511,3.4572344,1.736457706867158e-61,2.408032724998031e-58,0.7103448275862081,0.19401671799385187,12,5545
HU02G00893,14.8543,3.4404163,6.524611191296882e-50,5.483639133049061e-47,0.6379310344827597,0.14620912157208496,12,13681
HU06G02082,14.297281,3.1325173,2.27526351821679e-46,1.5776108419435667e-43,0.6379310344827597,0.16021410764042465,12,22518
HU03G00713,14.24212,3.4362195,5.018169162711725e-46,3.3946078470197485e-43,0.60344827586207,0.13726352837660097,12,10482
HU03G00591,14.161137,3.478418,1.593943009689098e-45,1.0525716517554079e-42,0.593103448275863,0.13176418829741,12,10360
HU01G01880,13.888605,3.3567424,7.426767454976778e-44,4.681395349176839e-41,0.6172413793103458,0.15046194456665932,12,8846
HU08G01920,13.412901,3.0582738,5.081165935720638e-41,2.998428451642806e-38,0.596551724137932,0.15566798650829344,12,25064
HU06G01029,13.008667,2.7727687,1.0923040372267121e-38,5.716047636317521e-36,0.6172413793103458,0.1869042381580982,12,21465
HU08G00082,12.702286,2.7756066,5.742760026799711e-37,2.699583887174407e-34,0.596551724137932,0.1908637630151157,12,23226
HU11G01055,12.5604,2.9395933,3.4856511562855816e-36,1.61124224699301e-33,0.5586206896551733,0.1553746883707366,12,26543
HU06G02555,12.123498,2.9144742,7.930119833510311e-34,3.332452630036492e-31,0.5517241379310354,0.16564012318522642,12,22991
HU06G01800,12.00209,3.1580894,3.464353036660752e-33,1.39251929669255e-30,0.5241379310344836,0.13484381874175694,12,22236
HU11G01739,11.426948,3.0792308,3.0670153553093826e-30,1.0248635045723582e-27,0.4931034482758629,0.12303856870509365,12,27227
HU03G02543,11.264584,3.3706095,1.962766384110481e-29,6.329921588756302e-27,0.4689655172413801,0.09268221146795945,12,12312
HU05G00204,11.256902,3.1844962,2.1415552369397939e-29,6.827130401899447e-27,0.47241379310344905,0.08908930928288801,12,203
HU02G01260,11.228793,3.0184455,2.9447197821808093e-29,9.280886722589176e-27,0.4896551724137939,0.10133450652588659,12,14048
HU08G00358,11.155759,2.5079358,6.711782867368793e-29,2.0233836720268855e-26,0.5517241379310354,0.18367795864497283,12,23502
HU04G01712,11.009763,3.087529,3.429050559263713e-28,9.906741381372821e-26,0.475862068965518,0.12465170846165634,12,6434
HU08G02202,10.9946575,2.455148,4.0545185255349985e-28,1.1592997041826103e-25,0.5413793103448284,0.1739991201055967,12,25346
HU06G01765,10.849436,2.7420251,2.0065950426076806e-27,5.565291350672402e-25,0.49655172413793186,0.13777680011732546,12,22201
HU10G00886,10.810435,2.443087,3.072082083345945e-27,8.436059067485128e-25,0.5344827586206905,0.16630004399472934,12,17152
HU04G00169,10.645091,2.615087,1.8380530439600387e-26,4.809283129644498e-24,0.5137931034482767,0.16006745857164623,12,4891
HU05G01476,10.436458,2.2849262,1.6899968007262156e-25,4.2227082223550984e-23,0.5379310344827595,0.19379674439068423,12,1475
HU02G03072,10.41412,2.4997258,2.1376533940507526e-25,5.293555078928359e-23,0.5034482758620697,0.15720780173046692,12,15860
HU08G01718,10.29745,2.685848,7.235363747438458e-25,1.7449809872626574e-22,0.4689655172413801,0.12399178765215342,12,24862
HU09G00920,10.233713,3.1379035,1.4004386867903497e-24,3.2639636116075924e-22,0.4310344827586214,0.0918756415896781,12,19235
HU05G01923,9.652947,2.278084,4.776263342298643e-22,1.0268966185942082e-19,0.48620689655172494,0.17759202229066814,12,1922
HU07G01483,9.503018,2.5571976,2.0389224848803375e-21,4.2201130685191164e-19,0.46206896551724214,0.13257075817569133,12,3823
HU03G02586,9.3760395,2.116685,6.849721674806481e-21,1.3667412277032932e-18,0.4931034482758629,0.1880041061739364,12,12355
HU10G00495,9.3609705,2.7774832,7.900728707451003e-21,1.5651907907225255e-18,0.4137931034482765,0.09818155154715043,12,16761
HU10G00932,9.277568,2.574137,1.7339105079976015e-20,3.386620277416442e-18,0.43448275862069036,0.1137263528376636,12,17198
HU05G01344,9.241645,2.2479396,2.4273723575784346e-20,4.7079141494711806e-18,0.479310344827587,0.16226719460332262,12,1343
HU03G00892,8.986152,2.2507806,2.5603804551758263e-19,4.7981183732636175e-17,0.46206896551724214,0.14488927995307913,12,10661
HU05G02127,8.789865,2.1527472,1.4973998682973916e-18,2.714404271060664e-16,0.4551724137931042,0.18001173192551218,12,2126
HU08G01405,8.760849,2.28196,1.9378576270565376e-18,3.445964039955479e-16,0.43448275862069036,0.14745563865670158,12,24549
HU09G01733,8.634113,2.4921362,5.918429225620314e-18,1.00704070289926e-15,0.40000000000000063,0.10654054846752072,12,20048
HU11G01934,8.625701,2.469343,6.3701399315723726e-18,1.0772916524521937e-15,0.4068965517241386,0.11277313389060382,12,27422
HU06G01808,8.361987,2.1191247,6.167048718895495e-17,9.663451763760824e-15,0.4275862068965524,0.14774893679425843,12,22244
HU01G00123,8.3511915,2.0904818,6.757797914615965e-17,1.0529636245049088e-14,0.43448275862069036,0.15911423962458646,12,7089
HU03G00483,8.04889,2.2410371,8.354807927805706e-16,1.2195820940931118e-13,0.4137931034482765,0.1374835019797686,12,10252
HU04G01716,7.80536,1.7481699,5.933203585171969e-15,8.227870071737228e-13,0.4655172413793111,0.1891039741897746,12,6438
HU02G00485,7.3540597,1.86896,1.9227574843050972e-13,2.4462237994129297e-11,0.4034482758620696,0.1447426308843007,12,13273
HU01G00516,7.1281,1.692902,1.017640122802439e-12,1.232499947857015e-10,0.42413793103448344,0.18331133597302676,12,7482
HU08G00014,7.118381,1.758177,1.0920218063613986e-12,1.31683586084493e-10,0.4137931034482765,0.17025956885174684,12,23158
HU05G01276,7.1031203,1.6574248,1.2197124064732746e-12,1.464446908811094e-10,0.43448275862069036,0.1835313095761944,12,1275
HU08G01810,6.957021,1.5277548,3.475430274247083e-12,3.9996289898855956e-10,0.44827586206896625,0.190277166740002,12,24954
HU10G00592,6.4524927,1.4998528,1.1002515306194809e-10,1.1056331957149022e-08,0.4172413793103455,0.19614312949113905,12,16858
HU07G01714,34.930283,7.8605886,2.5803848893628186e-267,7.156697490647777e-263,0.8925318761384403,0.05299349727184439,13,4054
HU09G00039,32.15086,7.6513844,8.590863109375268e-227,1.1913379416926153e-222,0.8306010928961803,0.0662231855893573,13,18354
HU06G01176,31.50349,6.944182,7.780942425370155e-218,7.193481272254709e-214,0.8105646630236845,0.04977950519470848,13,21612
HU04G01854,29.77283,5.5156465,8.783623421944608e-195,6.090344890190843e-191,0.7941712204007333,0.10636071455265922,13,6576
HU08G01941,27.053293,8.378521,3.4935242573651233e-161,1.6148815879670283e-157,0.6867030965391645,0.013603408326481829,13,25085
HU05G01845,24.860147,5.022234,2.008576786444638e-136,5.064352470185639e-133,0.6703096539162133,0.08266686598400613,13,1844
HU07G00722,24.463018,6.4727583,3.658194141857415e-132,8.45500121036795e-129,0.6320582877959939,0.02952388070857296,13,3062
HU08G01334,23.613468,4.6885977,2.8028840319769153e-123,5.97984527899075e-120,0.6448087431694004,0.08939382614545338,13,24478
HU03G02933,22.817942,8.458171,3.0428470381324076e-115,6.028097328757309e-112,0.5774134790528234,0.005007848120188354,13,12702
HU04G01506,22.58217,9.1294775,6.488254727724794e-113,1.1996782991563145e-109,0.570127504553734,0.003886688093280518,13,6228
HU03G02786,21.98285,8.923665,4.2024455775964483e-107,6.856166358508088e-104,0.5555555555555551,0.0047836161148067866,13,12555
HU06G00539,20.782862,4.511665,6.185810430962836e-96,8.578172615137713e-93,0.575591985428051,0.08797369011137007,13,20975
HU04G00236,20.111742,4.214493,5.824128416869473e-90,6.730508401744785e-87,0.5737704918032787,0.08034980192839652,13,4958
HU03G01408,20.039143,3.3896205,2.5105256178195408e-89,2.7851771204089987e-86,0.6174863387978151,0.16585693998057044,13,11177
HU05G01708,19.69194,3.3829734,2.5281550208528037e-86,2.5969770186426854e-83,0.6229508196721322,0.18820539651693408,13,1707
HU01G02314,19.107029,4.5096025,2.2068283612341615e-81,2.0402128199609822e-78,0.5245901639344251,0.06555048957321258,13,9280
HU01G01082,18.325468,3.1030107,5.183313953024912e-75,4.107406071061312e-72,0.5792349726775957,0.17983406831602194,13,8048
HU05G01276,18.266428,3.1997902,1.5315281856579591e-74,1.1480252494384728e-71,0.5865209471766851,0.17243441213842997,13,1275
HU06G01804,18.24486,5.049159,2.273182997931634e-74,1.659124485464049e-71,0.4918032786885231,0.04566858509604627,13,22240
HU06G00772,18.191994,3.994666,5.972837281774478e-74,4.141416050250378e-71,0.5227686703096528,0.08042454593019038,13,21208
HU08G00049,17.905867,8.046322,1.0612965007133557e-71,6.845362429601144e-69,0.45355191256830485,0.0042604081022497966,13,23193
HU01G02123,17.123749,5.050179,9.87081107812921e-66,5.95145533156334e-63,0.45719489981784944,0.03542865685028768,13,9089
HU06G00668,16.978312,6.900539,1.1885601100606723e-64,6.867648885944322e-62,0.4335154826958096,0.009044024217056577,13,21104
HU04G02218,16.916775,6.731357,3.384627555936777e-64,1.9157682706919697e-61,0.4335154826958096,0.010688392256521422,13,6940
HU09G01345,16.774788,5.398166,3.7319444167179463e-63,2.0701095679534448e-60,0.44080145719489877,0.02616040062784949,13,19660
HU01G01860,16.619835,6.294259,5.006995972845216e-62,2.722922221703178e-59,0.4280510018214927,0.012108528290604697,13,8826
HU07G00895,16.42773,7.906452,1.2110645361035867e-60,6.107068165242359e-58,0.4171220400728589,0.0058300321399207666,13,3235
HU11G00509,15.638936,4.561446,3.9527429083254416e-55,1.768214912296873e-52,0.4244080145719481,0.04237984901711651,13,25997
HU11G01695,15.097751,4.2825894,1.6755200703001343e-51,6.935902858175258e-49,0.4189435336976312,0.049181553180357614,13,27183
HU04G00892,14.683271,3.3220081,8.251111525038477e-49,3.17839691870753e-46,0.44080145719489877,0.08296584199118157,13,5614
HU06G01317,14.568099,2.5586226,4.481895165985063e-48,1.7028131839533662e-45,0.5009107468123846,0.1847671724344166,13,21753
HU07G01008,13.3720875,3.2634866,8.803525888483791e-41,2.62543860771073e-38,0.40801457194899743,0.08191942596606755,13,3348
HU07G00332,12.945625,2.9920883,2.487311648497901e-38,6.570056054389456e-36,0.40619307832422513,0.10284774646834788,13,2672
HU03G01096,12.701823,2.65218,5.776820702665524e-37,1.4973843195180216e-34,0.4244080145719481,0.12803647507287813,13,10865
HU02G01260,12.588551,2.992204,2.4411369819421317e-36,6.268975388348613e-34,0.40255009107468054,0.09739143433739622,13,14048
HU05G01449,12.258893,2.5080345,1.5054176566815204e-34,3.5993757506949973e-32,0.4244080145719481,0.1282607070782597,13,1448
HU07G01863,12.15284,2.384539,5.540721844204434e-34,1.2913606752017644e-31,0.4316939890710373,0.1619702518872898,13,4203
HU05G02272,11.711015,2.1957376,1.11932127936212e-31,2.3326315388406881e-29,0.4335154826958096,0.1678750280290046,13,2271
HU11G01361,11.535816,2.1081212,8.705774089411068e-31,1.7288051942720865e-28,0.44080145719489877,0.17931086030346494,13,26849
HU02G00442,9.519494,1.7874075,1.7402407270546585e-21,2.377614609106451e-19,0.40072859744990824,0.19052246057254368,13,13230
HU08G00358,9.162323,1.6807746,5.079208236851889e-20,6.5218444652355155e-18,0.40619307832422513,0.18252485238060084,13,23502
HU02G03369,40.302914,5.012802,0.0,0.0,0.8781779661017125,0.18345656192236348,14,16157
HU03G00892,38.37604,5.0919747,0.0,0.0,0.8230932203389979,0.10266481823783334,14,10661
HU01G01880,38.073624,5.3018,0.0,0.0,0.8103813559322176,0.11290819470117358,14,8846
HU05G01344,35.903873,4.6635094,2.6577030913434056e-282,8.190155026489928e-279,0.7786016949152669,0.1245378927911313,14,1343
HU07G01483,33.76239,5.1633077,7.03386909405243e-250,1.6257029943628678e-246,0.7319915254237391,0.09634935304990928,14,3823
HU03G00483,31.731104,4.7274218,5.787871715466744e-221,1.0032913876779385e-217,0.7012711864406868,0.10266481823783334,14,10252
HU03G02606,28.101439,4.5002413,9.407691703890349e-174,1.1344449104669515e-170,0.6239406779661066,0.10220271102896085,14,12375
HU04G00649,25.942045,5.1870265,2.2357641818111892e-148,2.0669639860844442e-145,0.5370762711864413,0.034966112138015745,14,5371
HU04G00169,25.75805,3.7025325,2.6189812771140924e-146,2.3431434103470757e-143,0.610169491525428,0.13524337646334217,14,4891
HU02G00213,24.886267,4.6627574,1.047826460760681e-136,8.547490261528672e-134,0.5254237288135594,0.04351509550215608,14,13001
HU08G01920,24.398703,3.3280976,1.7652469499314956e-131,1.2883980041144744e-128,0.5900423728813592,0.13393407270487034,14,25064
HU07G01485,24.212135,3.7877836,1.6576493224187697e-129,1.1788436912124252e-126,0.5476694915254249,0.083872458410352,14,3825
HU10G01444,22.368404,2.821848,7.994416907419491e-111,4.820112020158252e-108,0.5858050847457658,0.1739833641404791,14,17710
HU11G01904,21.059607,2.525547,1.8671578559280982e-98,8.777224260028102e-96,0.5762711864406805,0.19755083179297195,14,27392
HU06G01170,20.536417,3.125397,1.0180152970968271e-93,4.2141275022358957e-91,0.49470338983050727,0.10628465804066786,14,21606
HU01G00588,19.873499,4.164839,6.902135314863872e-88,2.7743583037354995e-85,0.4269067796610159,0.040742452248921375,14,7554
HU11G01934,18.884684,3.108532,1.5244605459070738e-79,4.916385260550313e-77,0.4565677966101684,0.09434688847812849,14,27422
HU10G00463,18.718912,2.5791426,3.471711780784452e-78,1.0698658471117419e-75,0.49364406779660897,0.1428681454097369,14,16729
HU09G00063,18.639002,3.653351,1.551083682314073e-77,4.676011514019654e-75,0.4163135593220329,0.05668515095502091,14,18378
HU03G00231,17.924473,2.9924417,7.596799984238758e-72,2.17213657281301e-69,0.44809322033898197,0.11021256931608404,14,10000
HU04G00823,17.002943,2.150796,7.809897640876325e-65,1.9691591915427714e-62,0.5158898305084741,0.18214725816389166,14,5545
HU06G01661,16.76123,2.9625049,4.6882601314771356e-63,1.1609722745224853e-60,0.4099576271186431,0.08649106592729612,14,22097
HU05G01276,16.561768,2.2486525,1.3167015196792172e-61,3.1481652283019903e-59,0.48622881355932085,0.16712877387553837,14,1275
HU08G01911,16.529829,2.7351148,2.237785340432121e-61,5.259743764142787e-59,0.423728813559321,0.10512939001848663,14,25055
HU11G01361,16.026575,2.1335883,8.335196289703669e-58,1.8202887330309546e-55,0.4724576271186429,0.1690542205791734,14,26849
HU01G00184,15.978389,2.3427286,1.8075692751744587e-57,3.8862739416250864e-55,0.44279661016949046,0.1376309303758496,14,7150
HU02G03155,15.641395,2.0140133,3.803088839770274e-55,7.7557844831638635e-53,0.47775423728813443,0.18214725816389166,14,15943
HU02G00646,15.63937,2.2578957,3.925951947487802e-55,7.947903449895925e-53,0.43855932203389725,0.14086568083795648,14,13434
HU10G00812,15.580436,2.0718365,9.887839027994152e-55,1.972943995981423e-52,0.4650423728813548,0.17590881084411414,14,17078
HU01G01280,15.3191805,1.9509109,5.693111372577129e-53,1.1041849225064801e-50,0.4756355932203378,0.19131238447319443,14,8246
HU08G01678,15.163057,1.9083064,6.2109717067013685e-52,1.1798719197627565e-49,0.47775423728813443,0.1944701170671559,14,24822
HU06G02082,15.0245695,2.1321957,5.068957569045905e-51,9.310432991886634e-49,0.44491525423728706,0.15018484288355005,14,22518
HU09G01549,14.814132,1.949879,1.1871251493066775e-49,2.083855444051943e-47,0.4565677966101684,0.17644793592113195,14,19864
HU06G01800,14.742358,2.3562047,3.445386389526477e-49,5.935266553634586e-47,0.4078389830508465,0.12369069624153173,14,22236
HU03G01042,14.605849,1.8478332,2.577493703072027e-48,4.358950478945285e-46,0.4713983050847446,0.1946241528034467,14,10811
HU11G00993,14.599197,1.8749114,2.841729160611423e-48,4.776688379973201e-46,0.4629237288135582,0.18846272335181458,14,26481
HU10G00826,14.514998,2.1280687,9.735975344626688e-48,1.5977945336285278e-45,0.4152542372881346,0.137322858903268,14,17092
HU05G01682,14.513205,2.1249034,9.994055743242185e-48,1.6270208092082407e-45,0.4184322033898295,0.1415588416512651,14,1681
HU01G00890,14.485144,1.9435936,1.5040740674631816e-47,2.4253194337843805e-45,0.44597457627118536,0.18130006161429224,14,7856
HU09G01767,14.201172,1.849597,9.009254058497261e-46,1.4117043012001218e-43,0.4544491525423718,0.1890018484288324,14,20082
HU02G00442,13.685917,1.8367393,1.2324223827293326e-42,1.8085309410051875e-40,0.43855932203389725,0.18137707948243764,14,13230
HU10G00073,13.624863,2.0181704,2.8494763163579585e-42,4.09483034374031e-40,0.40254237288135497,0.1415588416512651,14,16339
HU09G00465,13.528532,1.7717212,1.0612105332080206e-41,1.5171481514703327e-39,0.44173728813559215,0.18853974121995998,14,18780
HU06G01029,13.467779,1.7857019,2.4203649135555443e-41,3.407554359262082e-39,0.44491525423728706,0.17775723967960377,14,21465
HU09G00053,13.106056,1.8154356,3.0399926389296384e-39,3.9399156934912855e-37,0.4194915254237278,0.1681300061614286,14,18368
HU05G01979,13.040558,1.7069062,7.192856695224858e-39,9.151095433122083e-37,0.43961864406779555,0.19246765249537545,14,1978
HU03G00935,13.011408,1.8033235,1.0538273865016085e-38,1.3346074230421056e-36,0.4163135593220329,0.1735982747997521,14,10704
HU02G01599,12.307035,1.721166,8.301712574112654e-35,8.994062431367754e-33,0.40254237288135497,0.17182686383240786,14,14387
HU02G03411,12.258858,1.6037706,1.5060792283324759e-34,1.625334918202382e-32,0.4247881355932193,0.19377695625384728,14,16199
HU02G03132,11.479681,1.542725,1.6689546546712744e-30,1.6128382350978326e-28,0.4099576271186431,0.1953943314849007,14,15920
HU05G01893,29.767685,6.274157,1.0239318900422579e-194,9.466250323440675e-191,0.7681415929203506,0.08486118386590001,2,1892
HU10G00161,22.9004,4.6424,4.603733704133701e-116,1.5960569285518526e-112,0.6283185840707963,0.10626356357105675,2,16427
HU10G00163,20.71839,5.2551622,2.3646519603277392e-95,4.6845444371207034e-92,0.5486725663716832,0.058145625982190384,2,16429
HU08G00475,20.528233,5.448983,1.2047761315512363e-93,2.227631067238236e-90,0.53628318584071,0.03853925016837547,2,23619
HU07G01763,20.341986,6.156136,5.4671291837977336e-92,8.919460465448832e-89,0.5256637168141616,0.035620743844945006,2,4103
HU10G01522,19.673456,4.3235564,3.6410296745109144e-86,5.610219890142234e-83,0.5486725663716832,0.08897702611689169,2,17788
HU10G01979,19.532276,6.543744,5.83786138366975e-85,8.521741340846343e-82,0.4973451327433657,0.0190077078500337,2,18245
HU01G00241,19.255686,4.708519,1.2648856489883789e-82,1.5252871075953343e-79,0.5203539823008874,0.06428197261094161,2,7207
HU03G01112,18.795893,3.5154002,8.159483310780913e-79,8.703971908634947e-76,0.5646017699115058,0.1471974855945558,2,10881
HU06G00392,17.792042,3.6521745,8.145572905325661e-71,7.287660146103458e-68,0.5185840707964626,0.11120257427224677,2,20828
HU04G01643,17.169264,3.040749,4.5110908556785766e-66,3.051587923957203e-63,0.5592920353982316,0.1612661827434001,2,6365
HU06G01301,16.164434,3.0528183,8.985756176745188e-59,5.417824947000604e-56,0.5168141592920379,0.1615655167252904,2,21737
HU01G01937,15.274252,3.616303,1.1352262500110448e-52,5.830648156306727e-50,0.46902654867256904,0.13110828406795197,2,8903
HU08G01068,15.08127,4.585629,2.1508995005426343e-51,1.0652713865633922e-48,0.4070796460177013,0.04340342737409291,2,24212
HU01G00162,15.00678,2.5106611,6.628927677205104e-51,3.169884640125579e-48,0.5203539823008874,0.197111427074764,2,7128
HU04G01571,14.339745,3.606633,1.2350987225071332e-46,5.352416104489897e-44,0.4141592920354005,0.07221432313103467,2,6293
HU11G01722,13.899441,3.6016853,6.383804656155654e-44,2.603747384389369e-41,0.4017699115044269,0.07363615954501361,2,27210
HU02G02175,13.803826,3.1712844,2.4167790708927506e-43,9.44075599031133e-41,0.41769911504425006,0.08523535134326289,2,14963
HU03G00177,13.565777,2.7857482,6.389933416216345e-42,2.331905306562636e-39,0.47256637168141863,0.1962134251290931,2,9946
HU03G01010,13.212345,2.6897485,7.446778950565107e-40,2.488390532456907e-37,0.44424778761062195,0.15078949337723946,2,10779
HU08G00289,12.865414,2.3275068,7.046379793766291e-38,2.171459373112312e-35,0.46371681415929467,0.17368854299184772,2,23433
HU06G02278,12.540161,2.475467,4.500787983025457e-36,1.3003057782209484e-33,0.4371681415929228,0.1457008156851043,2,22714
HU02G02657,11.744547,2.3334706,7.53255434413147e-32,1.8653160244150564e-29,0.41769911504425006,0.15857217690638736,2,15445
HU09G00169,11.239708,2.088434,2.602428831573836e-29,5.868159645829297e-27,0.4371681415929228,0.19269625084188202,2,18484
HU11G01580,11.166675,2.0526574,5.936195891903014e-29,1.327745105338146e-26,0.4283185840707988,0.1721918730823962,2,27068
HU02G03369,25.126894,3.020478,2.5284249214751664e-139,5.8438220997594785e-136,0.6285979572887735,0.19718309859154204,4,16157
HU03G00892,22.69117,3.1835446,5.4761615993576934e-114,6.328389248257734e-111,0.5283194057567376,0.1199128472492442,4,10661
HU07G01483,17.839748,2.87573,3.472604060919425e-71,1.9655647679510254e-68,0.4354688950789266,0.11462143023889462,4,3823
HU01G01880,17.680977,2.567875,5.876830584508273e-70,3.1959587502222933e-67,0.4549675023212669,0.13547583845615285,4,8846
HU05G01344,16.187992,2.269133,6.129706382785623e-59,2.698530262326338e-56,0.4345403899721485,0.1466033771690919,4,1343
HU10G01444,13.608325,1.9047137,3.573408862269986e-42,9.176712481023894e-40,0.4085422469823614,0.18457707571394677,4,17710
HU06G01840,20.769981,2.4832218,8.08895019006e-96,5.341596036221764e-93,0.5476603119584025,0.1941443557225654,5,22276
HU11G01114,17.713875,2.6071446,3.277156344201822e-70,1.2118924160858338e-67,0.4454072790294605,0.1401283857836209,5,26602
HU01G01733,17.2478,1.9225171,1.1624200831811308e-66,3.931673293540081e-64,0.49653379549393145,0.19954595271645983,5,8699
HU07G00666,14.213982,1.753194,7.503509936665137e-46,1.3691437374566287e-43,0.4324090121317136,0.18263660560513809,5,3006
HU04G00711,11.738185,1.3885325,8.121025703779899e-32,1.0191703524630566e-29,0.4064124783362199,0.19704086425552328,5,5433
HU06G01840,20.054972,1.9832987,1.8264530416910955e-89,7.560697777806349e-87,0.47301587301587783,0.18424987539457818,6,22276
HU05G01219,19.796448,1.7891616,3.194379564519274e-87,1.2478326369287615e-84,0.48835978835979366,0.19870410367169886,6,1218
HU06G00087,18.252756,1.8986086,1.9673220860206674e-74,6.130750343346428e-72,0.4126984126984156,0.14778202359195763,6,20523
HU01G00435,17.717543,1.7765183,3.070392923221143e-70,9.156704056509505e-68,0.428571428571432,0.17145705266655184,6,7401
HU07G00666,16.492065,1.639595,4.184016028642773e-61,9.670307046200608e-59,0.41428571428571725,0.1702109985047311,6,3006
HU06G00330,15.242774,1.4674097,1.8389336004942915e-52,3.4461367168722413e-50,0.4031746031746058,0.17419837182255749,6,20766
HU01G01733,14.547751,1.3601061,6.03546920100789e-48,1.0269554496316186e-45,0.41216931216931507,0.19463366007641775,6,8699
HU06G00330,13.2790785,1.9336287,3.061384597522127e-40,2.425928623207891e-37,0.4551282051282038,0.19044721630665654,8,20766
HU02G03273,12.919486,1.909559,3.4946804241463745e-38,2.3640234527731634e-35,0.4499999999999987,0.19493459081228412,8,16061
HU01G02184,12.830462,2.1645644,1.1070197350980947e-37,7.140277291382711e-35,0.40641025641025524,0.14831153027076363,8,9150
HU02G01021,12.566217,2.0568373,3.2385002405469475e-36,1.9526044385123826e-33,0.4089743589743578,0.14861575905080618,8,13809
HU03G02353,12.51046,1.8290251,6.544433903623967e-36,3.559017143470799e-33,0.44102564102563974,0.1932613325220501,8,12122
HU04G01403,12.300021,2.0340426,9.055040726201464e-35,4.6507695285406964e-32,0.4038461538461527,0.1587313659872209,8,6125
HU09G01742,11.84953,1.7602831,2.1639998278112786e-32,9.68040890715255e-30,0.42820512820512696,0.19196836020686928,8,20057
